hour,temperature,precipitation,windspeed,humidity,visibility,ozone,pm10,pm2.5,count
5,,no,0.3,78.0,1521.0,0.021,28.0,28.0,8
22,20.2,no,2.8,54.0,2000.0,0.022000000000000002,28.0,21.0,195
11,24.4,no,1.9,41.0,1362.0,0.035,48.0,27.0,90
11,15.0,no,1.4,50.0,1517.0,0.03,48.0,24.0,86
2,13.6,no,1.7,80.0,1073.0,0.027000000000000003,34.0,15.0,39
10,,no,1.4,54.0,990.0,0.016,35.0,23.0,90
0,18.8,no,2.5,51.0,1638.0,0.051,51.0,35.0,106
8,13.3,no,0.6,66.0,1144.0,0.006,41.0,28.0,217
20,16.1,no,4.3,24.0,2000.0,0.045,47.0,15.0,169
14,,no,4.9,52.0,1331.0,0.063,53.0,28.0,130
10,8.7,no,0.6,,1949.0,0.018000000000000002,21.0,20.0,61
15,21.9,no,5.4,21.0,1907.0,0.062,92.0,19.0,139
4,,yes,3.4,98.0,137.0,0.04,24.0,24.0,2
8,11.6,no,2.0,,1143.0,0.01,64.0,51.0,35
11,20.3,no,2.4,69.0,670.0,0.054000000000000006,58.0,38.0,85
17,19.5,no,2.6,54.0,579.0,0.059000000000000004,66.0,51.0,195
9,11.4,no,0.7,59.0,1297.0,0.021,45.0,25.0,119
23,,no,1.4,47.0,2000.0,0.046,45.0,23.0,114
15,21.2,no,3.7,12.0,2000.0,0.047,23.0,12.0,133
18,,no,3.1,56.0,1804.0,0.05,47.0,26.0,297
8,,no,0.9,77.0,613.0,0.005,82.0,40.0,35
14,19.2,no,4.0,16.0,1935.0,0.048,24.0,13.0,149
4,17.8,no,1.8,91.0,328.0,0.013000000000000001,25.0,22.0,9
0,,no,2.2,61.0,2000.0,0.036000000000000004,44.0,17.0,63
6,10.4,no,1.7,50.0,1976.0,0.024,94.0,27.0,30
9,16.4,no,1.0,62.0,503.0,0.07200000000000001,86.0,51.0,57
2,6.4,no,0.9,58.0,1039.0,0.031,72.0,56.0,3
19,10.8,yes,3.9,92.0,250.0,0.032,34.0,28.0,1
8,8.6,no,2.0,89.0,223.0,0.01,74.0,64.0,34
4,10.1,no,1.6,73.0,937.0,0.04,50.0,22.0,12
7,8.6,no,1.0,85.0,490.0,0.004,75.0,38.0,24
21,,no,0.8,47.0,715.0,0.092,100.0,56.0,229
8,12.9,no,2.1,86.0,443.0,0.013999999999999999,56.0,38.0,48
2,,no,2.5,45.0,2000.0,0.037000000000000005,32.0,25.0,21
21,19.2,no,4.1,,2000.0,0.051,38.0,20.0,166
9,,no,3.0,99.0,165.0,0.023,25.0,22.0,52
9,15.0,yes,1.4,94.0,361.0,0.018000000000000002,47.0,27.0,111
6,14.0,no,0.7,51.0,2000.0,0.013000000000000001,42.0,26.0,33
23,7.3,no,3.3,66.0,2000.0,0.040999999999999995,27.0,23.0,53
22,,no,1.7,52.0,994.0,0.049,72.0,64.0,60
15,23.1,no,4.3,23.0,1798.0,0.064,54.0,29.0,266
20,23.6,no,4.0,60.0,1082.0,0.078,61.0,37.0,247
9,14.7,no,2.0,68.0,589.0,0.01,65.0,44.0,60
8,13.5,no,0.8,78.0,972.0,0.024,36.0,19.0,189
7,15.8,no,2.0,73.0,776.0,0.036000000000000004,30.0,23.0,109
3,10.7,yes,3.3,56.0,1392.0,0.032,103.0,23.0,12
0,12.3,no,3.7,35.0,2000.0,0.037000000000000005,34.0,17.0,66
20,22.7,no,4.0,36.0,2000.0,0.055,29.0,19.0,238
15,,no,1.7,23.0,1661.0,0.076,75.0,33.0,218
3,19.1,no,0.9,79.0,489.0,0.04,67.0,39.0,20
16,18.5,no,4.2,38.0,1546.0,0.051,80.0,23.0,138
11,20.1,no,2.6,49.0,1273.0,0.023,51.0,33.0,87
14,,no,2.7,22.0,2000.0,0.049,45.0,19.0,235
12,13.1,no,3.1,48.0,1012.0,0.016,70.0,57.0,22
21,12.5,no,4.0,73.0,1264.0,0.051,57.0,27.0,91
12,18.6,no,3.2,56.0,1276.0,0.05,51.0,24.0,120
3,13.3,no,0.6,72.0,1879.0,0.006,36.0,19.0,22
10,17.2,no,0.8,56.0,648.0,0.018000000000000002,67.0,48.0,75
15,19.2,no,5.4,23.0,2000.0,0.049,42.0,13.0,121
21,22.1,no,2.6,56.0,2000.0,0.027999999999999997,30.0,21.0,222
3,13.2,no,2.5,25.0,950.0,0.040999999999999995,269.0,21.0,16
9,,no,0.9,72.0,522.0,0.053,61.0,37.0,137
6,13.4,no,1.9,78.0,815.0,0.02,53.0,26.0,36
6,11.3,no,2.0,51.0,1577.0,0.039,93.0,25.0,27
6,15.1,no,0.3,88.0,415.0,0.05,60.0,34.0,14
11,,no,2.3,34.0,1911.0,0.042,44.0,25.0,95
7,19.5,no,3.3,67.0,620.0,0.06,73.0,47.0,90
16,18.7,no,4.9,36.0,1036.0,0.048,197.0,22.0,74
20,21.5,no,1.0,33.0,2000.0,0.049,60.0,32.0,201
23,13.2,no,4.6,22.0,2000.0,0.038,68.0,17.0,71
7,7.0,no,1.0,57.0,835.0,0.004,79.0,69.0,71
10,12.7,no,0.9,52.0,1566.0,0.021,53.0,25.0,64
15,21.1,no,6.0,19.0,1957.0,0.07200000000000001,35.0,17.0,348
2,,no,1.0,78.0,1947.0,0.026000000000000002,30.0,27.0,16
9,6.4,no,0.6,62.0,453.0,0.02,90.0,79.0,87
21,18.8,no,4.6,,2000.0,0.039,32.0,20.0,189
22,17.2,no,2.6,55.0,1851.0,0.047,52.0,33.0,139
5,14.7,no,0.2,48.0,2000.0,0.023,28.0,20.0,19
4,,no,2.4,64.0,1470.0,0.038,77.0,21.0,29
18,25.9,no,4.5,31.0,2000.0,0.079,54.0,29.0,366
6,10.4,no,3.6,12.0,2000.0,0.048,35.0,9.0,23
14,,no,2.7,56.0,524.0,0.025,72.0,59.0,203
2,19.0,no,2.2,78.0,759.0,0.06,50.0,33.0,20
15,,no,3.4,36.0,2000.0,0.057,24.0,17.0,123
19,14.6,no,3.0,76.0,1996.0,0.045,25.0,22.0,147
4,,no,1.7,,669.0,0.02,103.0,62.0,20
11,11.7,no,2.0,47.0,513.0,0.031,95.0,86.0,55
5,9.5,no,0.5,49.0,2000.0,0.027000000000000003,26.0,19.0,11
14,25.0,no,3.1,44.0,1989.0,0.053,27.0,17.0,161
20,17.1,no,2.4,61.0,2000.0,0.036000000000000004,23.0,11.0,210
11,18.4,no,0.9,57.0,1437.0,0.027000000000000003,39.0,21.0,78
3,5.7,no,0.8,74.0,2000.0,0.032,12.0,13.0,21
7,11.4,no,0.8,35.0,1100.0,0.022000000000000002,64.0,55.0,31
10,18.2,no,1.0,52.0,1126.0,0.01,51.0,28.0,96
19,17.8,no,3.6,53.0,746.0,0.04,83.0,47.0,204
18,17.4,no,4.1,,2000.0,0.044000000000000004,56.0,23.0,303
4,16.0,no,0.1,52.0,1162.0,0.040999999999999995,68.0,41.0,15
18,22.1,no,3.0,41.0,1921.0,0.062,54.0,33.0,234
22,,no,1.7,,459.0,0.006,40.0,40.0,112
19,18.5,no,4.5,27.0,2000.0,0.061,48.0,20.0,191
9,,no,1.9,42.0,1946.0,0.01,41.0,26.0,106
16,,no,2.3,43.0,951.0,0.057,145.0,43.0,8
8,16.1,no,1.0,,945.0,0.024,54.0,35.0,54
14,27.2,no,2.0,36.0,1299.0,0.040999999999999995,51.0,31.0,118
14,14.2,no,3.1,27.0,1564.0,0.053,49.0,46.0,186
23,13.9,no,3.3,43.0,2000.0,0.042,23.0,19.0,57
7,,no,0.9,55.0,2000.0,0.040999999999999995,34.0,17.0,100
11,23.4,no,1.8,58.0,690.0,0.057,64.0,40.0,95
23,18.0,no,1.7,34.0,2000.0,0.043,27.0,18.0,186
6,14.4,no,1.5,,2000.0,0.018000000000000002,30.0,21.0,19
21,21.5,no,2.9,44.0,1970.0,0.063,52.0,33.0,239
18,19.8,no,3.0,66.0,805.0,0.063,67.0,42.0,266
3,10.4,no,0.6,42.0,2000.0,0.033,30.0,21.0,8
16,19.2,no,3.5,,2000.0,0.044000000000000004,32.0,16.0,137
14,27.2,no,4.7,,1866.0,0.068,47.0,27.0,107
17,,no,5.8,,1935.0,0.062,62.0,16.0,148
10,,no,1.4,,1364.0,0.039,47.0,29.0,92
18,18.0,yes,1.9,82.0,685.0,0.044000000000000004,99.0,42.0,15
9,,no,1.2,57.0,906.0,0.016,31.0,19.0,124
21,,no,2.7,30.0,2000.0,0.055999999999999994,33.0,21.0,109
23,16.5,no,3.3,39.0,2000.0,0.037000000000000005,29.0,14.0,122
2,,no,0.8,79.0,1918.0,0.018000000000000002,31.0,23.0,28
6,12.7,no,3.9,,2000.0,0.039,13.0,9.0,38
0,16.3,no,4.5,78.0,499.0,0.044000000000000004,84.0,30.0,71
5,6.8,no,1.1,81.0,1450.0,0.031,55.0,21.0,8
2,,no,2.3,34.0,2000.0,0.055,46.0,20.0,43
10,15.4,no,3.1,,1225.0,0.032,199.0,18.0,58
11,17.1,no,2.4,55.0,1982.0,0.035,55.0,12.0,98
4,,no,4.2,,2000.0,0.046,57.0,15.0,9
9,18.5,no,3.8,58.0,975.0,0.037000000000000005,35.0,27.0,133
15,25.6,no,2.1,30.0,1894.0,0.066,44.0,25.0,114
0,18.5,no,0.9,46.0,1848.0,0.008,69.0,44.0,69
8,6.3,no,1.9,76.0,1344.0,0.013000000000000001,61.0,24.0,192
22,,no,2.7,,935.0,0.039,69.0,31.0,123
10,13.8,no,0.3,54.0,889.0,0.013999999999999999,78.0,35.0,78
23,12.1,no,1.0,,1995.0,0.036000000000000004,25.0,23.0,78
15,27.0,no,3.9,43.0,1090.0,0.043,54.0,32.0,133
19,18.9,no,2.8,59.0,1806.0,0.042,49.0,26.0,218
12,,no,2.8,42.0,516.0,0.031,104.0,89.0,82
14,20.0,no,1.9,44.0,930.0,0.034,124.0,39.0,156
13,26.1,no,3.7,29.0,1890.0,0.067,38.0,21.0,173
13,10.3,no,1.4,89.0,599.0,0.022000000000000002,27.0,26.0,55
19,,no,3.7,,2000.0,0.054000000000000006,41.0,23.0,252
2,12.9,no,1.9,71.0,2000.0,0.035,42.0,16.0,22
20,20.1,no,4.2,22.0,1988.0,0.057999999999999996,38.0,20.0,196
10,16.8,no,1.8,62.0,955.0,0.016,55.0,23.0,81
8,,no,3.3,40.0,2000.0,0.032,17.0,9.0,215
20,,no,4.8,29.0,2000.0,0.053,37.0,22.0,200
18,18.1,no,4.1,61.0,2000.0,0.039,27.0,16.0,339
23,19.4,no,0.3,42.0,1368.0,0.07,53.0,31.0,120
2,16.0,no,2.8,55.0,864.0,0.083,87.0,50.0,34
7,17.8,no,1.2,58.0,2000.0,0.012,30.0,22.0,108
2,10.3,no,0.3,76.0,798.0,0.004,83.0,38.0,32
15,,yes,2.5,89.0,1631.0,0.04,30.0,18.0,23
21,16.0,no,6.0,21.0,1961.0,0.05,90.0,28.0,146
4,10.7,no,2.2,45.0,1783.0,0.027000000000000003,102.0,25.0,13
9,12.0,no,3.6,55.0,1999.0,0.016,44.0,29.0,107
6,8.9,no,1.4,53.0,2000.0,0.028999999999999998,28.0,19.0,36
20,11.3,no,3.6,16.0,2000.0,0.040999999999999995,65.0,15.0,84
20,18.5,no,5.3,21.0,2000.0,0.049,47.0,16.0,130
8,,no,1.2,92.0,186.0,0.021,66.0,55.0,36
8,19.0,no,1.4,75.0,537.0,0.049,55.0,33.0,222
20,19.3,no,2.4,,935.0,0.046,176.0,39.0,123
8,16.3,no,1.9,,2000.0,0.027000000000000003,28.0,19.0,37
10,19.1,no,2.4,69.0,682.0,0.039,56.0,33.0,89
16,21.1,no,5.6,21.0,1939.0,0.075,37.0,21.0,382
16,,no,3.4,27.0,2000.0,0.057,30.0,20.0,274
5,7.4,no,1.8,57.0,813.0,0.004,78.0,71.0,12
12,14.7,no,2.3,65.0,399.0,0.017,69.0,59.0,101
13,,yes,2.8,42.0,1518.0,0.03,49.0,37.0,5
21,,no,3.9,66.0,984.0,0.076,64.0,39.0,237
19,22.5,no,4.1,,2000.0,0.044000000000000004,34.0,22.0,228
17,29.8,no,3.9,12.0,2000.0,0.057999999999999996,40.0,11.0,215
17,15.5,no,3.8,26.0,1372.0,0.068,50.0,42.0,199
21,17.0,no,2.4,27.0,2000.0,0.045,44.0,17.0,127
21,,no,0.6,14.0,2000.0,0.027999999999999997,21.0,13.0,194
23,,no,1.3,70.0,738.0,0.036000000000000004,58.0,34.0,141
11,,no,2.2,42.0,1966.0,0.038,44.0,26.0,121
5,11.2,no,2.7,38.0,2000.0,0.043,31.0,27.0,8
16,25.5,no,4.3,36.0,1849.0,0.08,48.0,27.0,143
11,16.9,no,1.8,35.0,1283.0,0.05,61.0,32.0,113
7,14.8,no,1.3,87.0,397.0,0.055,51.0,34.0,26
4,16.1,no,0.6,45.0,1968.0,0.036000000000000004,47.0,26.0,13
13,18.2,no,2.7,,1678.0,0.039,55.0,21.0,138
4,14.9,no,0.4,46.0,2000.0,0.027999999999999997,22.0,16.0,24
12,25.7,no,1.6,44.0,1144.0,0.02,49.0,30.0,119
13,22.3,no,3.7,49.0,1819.0,0.057,38.0,22.0,118
13,15.5,no,1.3,33.0,1716.0,0.018000000000000002,82.0,28.0,80
4,13.1,no,0.4,73.0,1480.0,0.005,33.0,19.0,13
18,20.8,no,3.9,48.0,1966.0,0.045,41.0,21.0,327
16,20.0,no,4.9,24.0,1976.0,0.071,46.0,19.0,162
20,11.4,no,2.5,85.0,716.0,0.033,38.0,26.0,102
4,11.9,no,2.8,85.0,742.0,0.045,57.0,22.0,27
5,11.1,no,0.9,38.0,1718.0,0.064,63.0,38.0,9
21,,no,3.2,52.0,2000.0,0.049,49.0,16.0,126
8,,no,1.6,48.0,1521.0,0.033,102.0,30.0,171
13,,no,2.4,31.0,1893.0,0.034,59.0,32.0,137
18,17.4,no,4.8,44.0,1342.0,0.065,74.0,36.0,215
21,,no,3.4,40.0,2000.0,0.04,33.0,17.0,199
12,24.5,no,3.1,34.0,1839.0,0.044000000000000004,43.0,24.0,150
9,,no,0.8,45.0,965.0,0.005,69.0,58.0,59
7,,no,1.3,93.0,177.0,0.015,71.0,58.0,6
17,19.6,no,5.0,22.0,2000.0,0.047,41.0,16.0,181
6,,no,1.1,69.0,1698.0,0.009000000000000001,35.0,23.0,31
19,,no,2.0,,1403.0,0.055,48.0,24.0,107
19,16.6,no,5.0,25.0,2000.0,0.048,54.0,18.0,199
18,,no,3.3,11.0,2000.0,0.053,17.0,13.0,336
11,13.3,no,1.6,,1569.0,0.018000000000000002,74.0,32.0,84
8,17.0,no,1.2,65.0,986.0,0.021,32.0,22.0,212
15,,no,3.6,45.0,680.0,0.07400000000000001,220.0,51.0,108
7,10.4,no,2.5,44.0,2000.0,0.039,34.0,26.0,81
18,19.7,no,5.7,35.0,2000.0,0.052000000000000005,54.0,17.0,280
2,18.2,no,2.1,64.0,2000.0,0.003,33.0,23.0,40
3,11.3,no,2.0,78.0,548.0,0.008,67.0,58.0,17
19,24.8,no,2.9,32.0,1937.0,0.075,52.0,32.0,244
6,15.5,no,0.4,66.0,465.0,0.013000000000000001,119.0,75.0,28
10,20.7,no,4.1,43.0,1480.0,0.044000000000000004,32.0,21.0,109
12,19.1,no,1.7,,842.0,0.016,68.0,26.0,115
17,23.5,no,2.8,38.0,1893.0,0.067,56.0,30.0,257
22,12.8,no,1.3,72.0,2000.0,0.033,31.0,24.0,133
23,13.4,no,2.1,31.0,2000.0,0.043,26.0,16.0,88
10,11.9,yes,2.4,54.0,935.0,0.005,73.0,61.0,30
11,14.5,no,2.7,41.0,1995.0,0.031,29.0,17.0,78
19,,no,2.6,44.0,1566.0,0.084,59.0,38.0,335
10,,no,3.5,,838.0,0.022000000000000002,48.0,35.0,82
17,25.0,no,4.9,37.0,1368.0,0.07,63.0,33.0,229
9,10.1,no,0.4,,1421.0,0.013000000000000001,52.0,24.0,107
16,,no,2.3,39.0,888.0,0.061,63.0,38.0,142
7,10.5,no,2.9,99.0,107.0,0.028999999999999998,29.0,26.0,15
0,15.6,no,2.3,62.0,1433.0,0.023,56.0,36.0,93
3,15.4,no,1.6,77.0,1104.0,0.036000000000000004,23.0,18.0,14
17,19.6,no,4.0,37.0,2000.0,0.054000000000000006,22.0,20.0,247
14,21.4,no,5.7,23.0,1825.0,0.057999999999999996,102.0,18.0,136
10,20.0,no,1.0,32.0,1777.0,0.015,58.0,31.0,95
15,,no,2.5,22.0,859.0,0.099,74.0,38.0,227
8,9.5,no,1.5,72.0,955.0,0.02,47.0,22.0,214
5,18.8,no,1.4,74.0,618.0,0.055,61.0,37.0,18
16,29.6,no,3.6,14.0,2000.0,0.061,49.0,28.0,164
5,11.9,no,0.6,41.0,879.0,0.032,66.0,60.0,10
4,10.5,no,1.2,74.0,739.0,0.03,70.0,32.0,9
14,17.2,no,2.1,,1571.0,0.025,64.0,19.0,83
6,,no,0.7,69.0,857.0,0.040999999999999995,46.0,32.0,23
12,25.0,no,3.1,31.0,1840.0,0.047,48.0,26.0,136
3,7.9,no,1.7,73.0,1827.0,0.034,52.0,21.0,14
8,11.4,no,2.1,,440.0,0.027000000000000003,74.0,42.0,43
13,24.0,no,3.5,49.0,1986.0,0.051,42.0,29.0,119
7,16.0,no,0.6,75.0,1159.0,0.032,27.0,18.0,117
9,20.8,no,2.2,58.0,1095.0,0.039,53.0,30.0,132
20,16.9,no,3.4,63.0,1966.0,0.040999999999999995,46.0,22.0,185
10,,no,3.6,37.0,1462.0,0.04,81.0,38.0,83
15,20.2,no,3.8,75.0,547.0,0.039,65.0,43.0,105
4,14.6,no,0.6,49.0,2000.0,0.013999999999999999,41.0,27.0,19
9,12.4,no,1.6,77.0,550.0,0.028999999999999998,73.0,41.0,74
3,16.3,no,2.4,59.0,792.0,0.018000000000000002,111.0,65.0,25
13,19.0,no,3.2,49.0,2000.0,0.04,55.0,17.0,122
16,,no,3.6,11.0,2000.0,0.05,17.0,13.0,149
19,15.3,no,3.3,40.0,2000.0,0.045,59.0,26.0,188
7,10.9,no,2.0,61.0,973.0,0.027999999999999997,61.0,38.0,85
5,,no,1.0,48.0,2000.0,0.049,30.0,18.0,11
15,19.7,no,4.5,31.0,1795.0,0.065,64.0,39.0,138
13,26.2,no,2.6,38.0,1610.0,0.025,41.0,26.0,91
18,12.1,no,0.9,46.0,2000.0,0.049,24.0,22.0,137
19,15.2,no,3.7,70.0,588.0,0.031,65.0,51.0,124
22,11.0,yes,2.9,95.0,177.0,0.027999999999999997,29.0,29.0,2
23,19.6,no,1.2,,2000.0,0.019,28.0,22.0,131
7,6.4,no,0.7,83.0,1147.0,0.018000000000000002,55.0,21.0,82
3,16.1,no,2.9,,400.0,0.051,60.0,35.0,46
0,15.3,no,1.2,87.0,391.0,0.015,75.0,35.0,91
21,18.6,no,2.3,35.0,987.0,0.031,178.0,37.0,139
10,12.1,no,1.5,47.0,1842.0,0.009000000000000001,90.0,25.0,60
6,9.5,no,0.8,73.0,673.0,0.035,65.0,38.0,15
16,29.0,no,4.1,41.0,1207.0,0.106,72.0,49.0,126
0,,no,1.6,62.0,1976.0,0.033,35.0,29.0,75
13,19.0,no,1.9,,697.0,0.045,87.0,78.0,88
17,19.9,yes,0.9,56.0,1082.0,0.06,109.0,37.0,4
11,12.3,no,4.5,13.0,2000.0,0.036000000000000004,48.0,13.0,82
8,12.6,no,5.3,53.0,1576.0,0.013999999999999999,52.0,40.0,209
2,,no,4.9,33.0,660.0,0.040999999999999995,252.0,31.0,26
4,11.7,no,2.2,38.0,1645.0,0.065,70.0,43.0,15
21,12.8,no,2.8,34.0,1045.0,0.046,77.0,66.0,149
22,17.6,no,2.4,36.0,2000.0,0.038,32.0,12.0,176
8,,no,0.8,80.0,758.0,0.013999999999999999,25.0,20.0,236
23,15.4,no,2.2,33.0,2000.0,0.034,49.0,19.0,85
16,23.4,no,3.6,39.0,1670.0,0.07400000000000001,59.0,40.0,291
15,20.0,no,4.9,35.0,2000.0,0.052000000000000005,68.0,13.0,311
9,17.1,no,3.4,76.0,451.0,0.03,65.0,39.0,74
5,,no,1.3,64.0,2000.0,0.039,37.0,14.0,15
0,16.8,no,0.6,62.0,2000.0,0.028999999999999998,35.0,19.0,94
21,14.7,no,2.9,46.0,1754.0,0.051,88.0,19.0,88
3,16.8,no,1.6,40.0,1994.0,0.046,48.0,25.0,30
22,,no,2.5,66.0,1975.0,0.039,45.0,19.0,201
11,23.5,no,3.0,33.0,1801.0,0.03,50.0,32.0,108
7,17.9,no,1.6,,1420.0,0.028999999999999998,53.0,29.0,26
12,24.0,no,1.5,34.0,838.0,0.037000000000000005,96.0,47.0,94
23,15.2,no,1.4,58.0,2000.0,0.040999999999999995,31.0,16.0,122
12,23.1,no,1.5,34.0,1352.0,0.052000000000000005,78.0,41.0,134
8,18.0,no,0.3,61.0,1373.0,0.021,52.0,28.0,57
13,14.3,no,4.5,14.0,2000.0,0.044000000000000004,61.0,14.0,88
14,20.9,no,5.3,29.0,1599.0,0.055,58.0,23.0,140
8,10.3,no,4.3,43.0,2000.0,0.032,34.0,26.0,195
3,10.3,no,2.4,20.0,2000.0,0.043,64.0,19.0,16
8,,no,0.7,22.0,974.0,0.026000000000000002,214.0,21.0,34
21,,no,2.0,,2000.0,0.049,36.0,22.0,215
21,,no,2.8,66.0,1064.0,0.04,70.0,31.0,127
8,14.2,no,2.1,75.0,768.0,0.013000000000000001,51.0,25.0,226
23,,no,2.7,47.0,1753.0,0.04,53.0,35.0,134
22,13.9,no,1.8,25.0,2000.0,0.035,41.0,18.0,157
13,20.2,no,3.6,32.0,2000.0,0.043,20.0,12.0,107
16,19.0,no,3.0,22.0,1990.0,0.05,55.0,22.0,118
22,20.2,no,2.8,33.0,1945.0,0.079,68.0,36.0,206
20,,no,3.4,29.0,2000.0,0.061,41.0,25.0,135
20,19.7,no,4.3,60.0,1991.0,0.042,35.0,24.0,244
18,18.9,no,4.4,22.0,2000.0,0.046,41.0,18.0,318
2,17.2,no,0.4,,1048.0,0.022000000000000002,162.0,39.0,38
2,17.4,no,1.3,44.0,1319.0,0.023,68.0,41.0,39
16,,no,2.2,24.0,1703.0,0.062,43.0,28.0,130
15,21.3,no,2.2,44.0,1867.0,0.052000000000000005,41.0,24.0,165
17,26.6,no,3.1,33.0,783.0,0.077,115.0,55.0,172
21,9.5,no,2.2,46.0,1139.0,0.055999999999999994,70.0,61.0,73
18,,no,4.8,7.0,2000.0,0.057,27.0,11.0,431
23,15.4,no,1.4,87.0,423.0,0.019,85.0,35.0,87
13,,no,4.9,55.0,1449.0,0.055,53.0,28.0,108
9,19.8,no,0.6,57.0,1721.0,0.008,40.0,29.0,138
6,11.0,no,1.3,,1056.0,0.040999999999999995,213.0,21.0,12
2,17.9,yes,0.1,91.0,383.0,0.004,29.0,26.0,22
6,3.3,no,1.2,83.0,1219.0,0.016,33.0,30.0,7
3,,no,2.5,43.0,2000.0,0.037000000000000005,19.0,9.0,23
7,10.9,no,0.8,77.0,1092.0,0.035,79.0,17.0,18
19,20.2,no,3.0,,928.0,0.057999999999999996,180.0,40.0,187
21,,no,0.1,39.0,2000.0,0.042,60.0,32.0,170
7,3.1,no,0.4,83.0,839.0,0.005,34.0,31.0,14
5,14.3,no,1.0,79.0,1593.0,0.035,30.0,18.0,16
5,9.9,no,0.5,85.0,1082.0,0.018000000000000002,34.0,26.0,12
17,27.6,no,3.5,39.0,1963.0,0.052000000000000005,27.0,17.0,222
9,,no,4.8,38.0,2000.0,0.028999999999999998,19.0,11.0,149
9,,no,1.8,72.0,795.0,0.017,26.0,17.0,135
13,15.7,no,3.3,37.0,526.0,0.047,105.0,90.0,75
4,,no,0.2,83.0,1235.0,0.027000000000000003,35.0,24.0,13
0,15.4,no,2.4,,2000.0,0.035,26.0,11.0,80
11,23.3,no,1.2,53.0,1650.0,0.021,29.0,16.0,119
7,,no,0.6,71.0,633.0,0.033,76.0,71.0,76
8,4.5,no,0.1,73.0,510.0,0.023,84.0,81.0,146
21,20.1,no,1.2,,1716.0,0.049,70.0,31.0,187
15,,no,5.1,,990.0,0.099,77.0,49.0,97
14,,no,3.8,23.0,2000.0,0.047,40.0,14.0,113
21,15.5,no,3.2,64.0,1994.0,0.039,40.0,19.0,194
14,28.4,no,1.9,20.0,1346.0,0.08199999999999999,78.0,38.0,179
4,,no,0.6,77.0,1960.0,0.027999999999999997,14.0,18.0,6
4,12.3,no,0.7,49.0,1506.0,0.059000000000000004,103.0,28.0,7
23,21.3,no,2.3,68.0,900.0,0.055999999999999994,65.0,38.0,140
12,,no,2.9,51.0,1870.0,0.037000000000000005,56.0,14.0,122
18,19.4,no,4.5,37.0,1789.0,0.057999999999999996,54.0,31.0,305
19,,no,3.5,47.0,1626.0,0.043,79.0,25.0,205
11,9.3,no,2.3,60.0,1966.0,0.013999999999999999,32.0,30.0,98
23,16.6,no,0.4,,2000.0,0.004,60.0,32.0,105
10,15.8,no,5.0,55.0,1903.0,0.042,48.0,15.0,84
0,13.6,no,1.5,,1154.0,0.055,76.0,66.0,47
22,18.5,no,2.9,48.0,2000.0,0.028999999999999998,26.0,18.0,206
14,23.2,no,6.0,42.0,1809.0,0.06,44.0,24.0,107
4,,no,1.4,79.0,815.0,0.027000000000000003,47.0,22.0,9
22,12.3,no,3.3,57.0,1580.0,0.05,53.0,22.0,118
7,10.0,no,0.5,51.0,1948.0,0.027999999999999997,84.0,25.0,72
12,17.3,no,7.7,,1999.0,0.051,60.0,12.0,21
23,18.0,no,1.4,,1051.0,0.031,166.0,36.0,131
7,9.6,no,0.9,73.0,827.0,0.021,59.0,30.0,16
21,,no,3.1,35.0,2000.0,0.053,38.0,26.0,198
12,21.9,no,2.6,41.0,1618.0,0.04,46.0,25.0,113
21,10.5,no,2.6,,2000.0,0.038,58.0,15.0,122
4,,no,0.4,78.0,1196.0,0.035,22.0,18.0,2
16,13.2,yes,3.3,87.0,1342.0,0.044000000000000004,24.0,17.0,52
20,,yes,1.5,,576.0,0.027000000000000003,76.0,33.0,49
11,,no,2.3,30.0,1064.0,0.032,43.0,20.0,88
20,16.4,no,4.2,33.0,2000.0,0.052000000000000005,53.0,24.0,155
9,15.1,no,2.2,71.0,791.0,0.016,53.0,24.0,104
14,24.6,no,2.6,32.0,1867.0,0.052000000000000005,47.0,27.0,101
23,19.2,no,1.9,46.0,1877.0,0.006,64.0,38.0,101
17,16.3,yes,5.9,,492.0,0.059000000000000004,38.0,22.0,92
22,18.8,no,3.0,32.0,2000.0,0.044000000000000004,28.0,17.0,224
11,17.8,no,0.9,39.0,1628.0,0.006,77.0,40.0,10
18,,no,3.7,23.0,1245.0,0.069,77.0,63.0,216
0,10.5,no,3.4,59.0,1990.0,0.044000000000000004,46.0,23.0,58
4,7.5,no,0.4,,1636.0,0.032,56.0,21.0,6
19,,no,2.2,12.0,2000.0,0.052000000000000005,17.0,10.0,214
0,14.5,no,2.2,67.0,1661.0,0.033,47.0,18.0,62
3,17.4,no,1.0,52.0,2000.0,0.028999999999999998,38.0,27.0,31
14,,no,5.5,57.0,1105.0,0.054000000000000006,44.0,24.0,41
2,11.4,no,1.6,83.0,610.0,0.048,57.0,32.0,37
14,26.4,no,3.5,32.0,1911.0,0.067,29.0,18.0,229
22,16.2,no,3.5,29.0,2000.0,0.044000000000000004,46.0,14.0,117
13,18.3,no,4.4,,1996.0,0.053,14.0,15.0,184
3,10.5,no,2.4,,990.0,0.042,46.0,25.0,26
14,16.5,no,3.8,20.0,2000.0,0.037000000000000005,52.0,25.0,113
7,8.9,no,0.2,75.0,642.0,0.033,66.0,36.0,19
6,,no,1.7,75.0,1105.0,0.035,78.0,20.0,14
2,,no,2.4,72.0,990.0,0.042,52.0,25.0,30
11,14.7,no,3.6,76.0,447.0,0.017,84.0,70.0,86
18,,no,3.4,33.0,2000.0,0.06,40.0,21.0,369
14,26.8,no,2.7,30.0,1835.0,0.078,40.0,24.0,180
14,20.4,no,2.0,25.0,755.0,0.063,91.0,81.0,105
7,13.7,no,2.5,,772.0,0.023,47.0,26.0,78
4,16.6,no,2.8,48.0,1070.0,0.013000000000000001,151.0,39.0,16
9,15.6,no,0.8,58.0,963.0,0.01,51.0,30.0,140
18,20.9,no,4.2,51.0,686.0,0.031,59.0,50.0,275
16,26.2,no,3.9,33.0,2000.0,0.063,36.0,23.0,254
8,,no,0.6,,1600.0,0.022000000000000002,37.0,28.0,51
2,15.1,no,0.6,47.0,2000.0,0.006,38.0,24.0,41
5,15.0,yes,1.2,88.0,203.0,0.026000000000000002,35.0,24.0,3
5,10.2,no,0.7,75.0,726.0,0.03,68.0,31.0,12
8,14.7,no,1.6,70.0,1577.0,0.026000000000000002,28.0,16.0,56
15,21.3,no,1.3,36.0,1368.0,0.040999999999999995,30.0,27.0,146
20,27.7,no,2.9,9.0,2000.0,0.049,20.0,11.0,271
14,,no,5.0,34.0,1602.0,0.06,60.0,35.0,112
6,7.9,no,0.3,75.0,1472.0,0.036000000000000004,43.0,17.0,21
17,,no,2.2,11.0,2000.0,0.052000000000000005,19.0,14.0,214
10,17.3,no,1.0,41.0,1757.0,0.006999999999999999,70.0,40.0,13
14,24.4,no,3.4,31.0,1972.0,0.061,36.0,22.0,217
20,23.2,no,2.5,55.0,692.0,0.059000000000000004,84.0,48.0,199
10,15.4,no,2.7,62.0,1362.0,0.039,99.0,21.0,42
10,11.1,no,3.9,,1963.0,0.027000000000000003,55.0,12.0,77
6,,no,2.2,77.0,848.0,0.03,46.0,25.0,43
23,,no,1.6,45.0,908.0,0.036000000000000004,80.0,73.0,62
2,,no,0.5,48.0,1992.0,0.043,73.0,26.0,29
8,10.1,no,1.6,54.0,1967.0,0.031,81.0,22.0,159
10,19.1,no,2.0,54.0,1873.0,0.032,29.0,18.0,101
6,16.0,no,1.3,56.0,1675.0,0.005,65.0,50.0,37
6,8.7,no,0.7,85.0,490.0,0.006,76.0,36.0,13
5,15.5,no,0.7,86.0,371.0,0.047,61.0,37.0,15
4,,no,1.7,72.0,1983.0,0.006999999999999999,34.0,23.0,15
12,,no,1.9,44.0,1579.0,0.034,48.0,21.0,105
12,20.7,no,2.7,,625.0,0.053,68.0,39.0,93
20,,no,3.8,47.0,2000.0,0.052000000000000005,47.0,16.0,155
9,9.8,no,3.3,58.0,1263.0,0.01,107.0,21.0,124
4,15.6,no,2.1,65.0,636.0,0.081,83.0,48.0,27
3,18.1,no,1.5,64.0,2000.0,0.013000000000000001,31.0,22.0,15
4,12.9,no,2.4,44.0,2000.0,0.039,17.0,10.0,19
19,23.3,no,3.5,40.0,1942.0,0.040999999999999995,55.0,29.0,227
12,19.7,no,2.4,,732.0,0.022000000000000002,75.0,38.0,121
23,11.7,no,1.9,67.0,1111.0,0.024,75.0,32.0,96
19,10.6,no,0.8,84.0,1091.0,0.033,23.0,22.0,114
3,17.8,no,0.8,91.0,330.0,0.005,31.0,23.0,29
8,15.0,no,1.1,50.0,1465.0,0.006,54.0,29.0,46
19,27.2,no,4.1,44.0,2000.0,0.067,47.0,32.0,331
15,26.3,no,4.3,39.0,1925.0,0.062,37.0,23.0,272
0,,no,3.8,46.0,2000.0,0.042,26.0,20.0,48
22,14.0,no,2.9,43.0,1887.0,0.043,83.0,20.0,91
22,13.6,no,3.1,84.0,1038.0,0.033,42.0,21.0,112
13,26.3,no,2.0,42.0,1502.0,0.037000000000000005,53.0,33.0,114
21,10.8,no,3.3,77.0,1377.0,0.028999999999999998,47.0,29.0,144
22,,no,1.0,37.0,970.0,0.032,169.0,38.0,172
11,16.8,no,1.3,61.0,682.0,0.042,69.0,40.0,109
11,17.2,no,2.9,74.0,1307.0,0.028999999999999998,39.0,25.0,81
6,11.4,no,2.4,84.0,815.0,0.04,58.0,21.0,10
14,14.6,no,6.7,14.0,2000.0,0.048,59.0,11.0,93
11,22.2,no,2.2,38.0,676.0,0.04,106.0,52.0,85
19,17.7,no,4.1,25.0,1301.0,0.07,67.0,58.0,143
8,,no,2.2,71.0,1632.0,0.025,48.0,19.0,41
23,13.3,no,1.8,,1650.0,0.043,67.0,34.0,100
6,7.1,no,1.0,,2000.0,0.028999999999999998,55.0,13.0,22
12,25.0,no,1.8,27.0,2000.0,0.049,25.0,14.0,153
3,,yes,0.0,90.0,284.0,0.01,68.0,57.0,5
22,21.3,no,1.2,71.0,471.0,0.048,82.0,47.0,186
11,18.3,no,0.8,,941.0,0.018000000000000002,56.0,24.0,88
2,12.3,no,4.0,85.0,658.0,0.04,52.0,20.0,35
0,12.8,no,1.3,85.0,830.0,0.035,41.0,21.0,87
21,17.9,yes,0.2,91.0,553.0,0.021,33.0,27.0,86
19,16.0,no,3.7,28.0,2000.0,0.038,43.0,18.0,190
8,15.3,no,1.5,68.0,272.0,0.026000000000000002,142.0,89.0,163
9,8.8,no,1.8,44.0,833.0,0.005,86.0,69.0,88
6,12.6,no,0.4,78.0,1192.0,0.004,32.0,20.0,28
16,22.3,no,2.0,20.0,2000.0,0.055,33.0,19.0,264
22,14.3,no,1.7,35.0,921.0,0.047,83.0,72.0,104
16,30.0,no,3.2,16.0,1183.0,0.1,70.0,38.0,304
11,12.5,no,3.6,42.0,1104.0,0.006,79.0,62.0,23
15,23.9,no,3.4,40.0,1259.0,0.067,66.0,43.0,302
13,,no,3.4,67.0,1467.0,0.038,42.0,28.0,70
11,24.0,no,1.7,34.0,1319.0,0.019,72.0,42.0,114
12,,no,1.7,30.0,1665.0,0.027999999999999997,60.0,36.0,117
22,20.3,no,0.9,49.0,730.0,0.07200000000000001,104.0,59.0,226
12,19.5,no,1.5,,1684.0,0.03,40.0,17.0,124
3,8.6,no,2.0,68.0,1891.0,0.026000000000000002,85.0,15.0,19
13,19.5,no,3.7,12.0,2000.0,0.046,21.0,14.0,111
12,,no,4.6,14.0,1910.0,0.040999999999999995,58.0,11.0,96
19,,no,4.7,37.0,1676.0,0.06,65.0,37.0,202
21,14.8,no,3.7,44.0,2000.0,0.042,23.0,16.0,120
22,20.3,no,3.4,44.0,1888.0,0.049,50.0,36.0,182
16,,no,4.8,15.0,1948.0,0.051,37.0,14.0,151
2,15.8,no,1.4,39.0,2000.0,0.028999999999999998,21.0,16.0,51
18,22.6,no,5.4,18.0,2000.0,0.066,39.0,21.0,252
3,13.7,no,2.0,80.0,1034.0,0.026000000000000002,35.0,18.0,12
17,25.7,no,5.6,41.0,1949.0,0.065,44.0,26.0,309
20,10.2,no,2.3,47.0,2000.0,0.047,41.0,29.0,61
5,10.9,no,2.5,44.0,1757.0,0.03,91.0,24.0,19
2,14.3,no,0.4,70.0,1014.0,0.038,58.0,39.0,42
23,16.8,no,2.2,45.0,2000.0,0.03,31.0,17.0,123
12,,no,3.4,48.0,1663.0,0.026000000000000002,33.0,22.0,151
14,17.5,no,3.5,30.0,807.0,0.059000000000000004,94.0,85.0,76
16,,no,5.6,23.0,1948.0,0.062,92.0,19.0,151
15,,no,2.9,31.0,1247.0,0.054000000000000006,44.0,29.0,126
15,,no,2.6,30.0,990.0,0.067,86.0,46.0,132
8,19.5,no,2.0,64.0,901.0,0.04,53.0,39.0,241
12,18.9,no,2.0,30.0,1600.0,0.054000000000000006,58.0,29.0,148
23,11.8,no,2.6,78.0,916.0,0.040999999999999995,58.0,32.0,79
17,,no,4.2,55.0,2000.0,0.042,32.0,11.0,161
17,19.8,no,2.9,68.0,636.0,0.05,63.0,39.0,138
8,,no,2.5,17.0,2000.0,0.018000000000000002,41.0,13.0,197
20,10.4,no,1.7,84.0,1337.0,0.018000000000000002,27.0,27.0,86
9,13.4,no,2.6,21.0,986.0,0.027000000000000003,212.0,20.0,59
9,19.2,no,1.6,,789.0,0.027000000000000003,50.0,29.0,115
9,11.2,no,0.8,67.0,660.0,0.009000000000000001,75.0,38.0,70
9,13.4,no,3.2,29.0,2000.0,0.033,42.0,23.0,115
21,18.0,no,2.7,51.0,1967.0,0.055999999999999994,54.0,33.0,178
18,,no,6.5,36.0,1353.0,0.054000000000000006,122.0,19.0,101
15,29.1,no,3.9,20.0,1950.0,0.069,50.0,30.0,106
5,12.5,no,2.0,43.0,2000.0,0.04,17.0,9.0,23
7,15.5,no,1.1,66.0,1211.0,0.022000000000000002,55.0,36.0,32
8,15.5,no,1.0,83.0,335.0,0.035,51.0,32.0,61
2,14.6,no,1.4,37.0,1997.0,0.004,48.0,36.0,24
23,,no,3.0,29.0,2000.0,0.045,59.0,26.0,163
12,,no,2.1,,2000.0,0.036000000000000004,23.0,12.0,135
14,19.1,no,2.2,67.0,1181.0,0.042,36.0,25.0,82
14,14.1,yes,3.2,50.0,1645.0,0.045,46.0,39.0,2
17,21.8,no,4.0,23.0,1999.0,0.055,35.0,20.0,250
14,,no,4.2,38.0,2000.0,0.053,18.0,14.0,224
15,,no,3.7,34.0,1923.0,0.076,44.0,29.0,237
11,,no,4.2,16.0,1228.0,0.031,197.0,22.0,67
18,,no,2.8,26.0,2000.0,0.057,20.0,14.0,342
19,21.6,no,3.4,36.0,2000.0,0.038,33.0,14.0,315
4,10.6,no,1.8,80.0,512.0,0.019,53.0,45.0,8
22,10.1,no,3.1,,2000.0,0.036000000000000004,58.0,14.0,112
14,22.1,no,6.0,22.0,1732.0,0.053,66.0,33.0,243
21,12.9,no,3.4,48.0,2000.0,0.042,45.0,23.0,132
10,21.1,no,1.4,40.0,1855.0,0.03,45.0,27.0,81
23,17.7,no,1.1,92.0,418.0,0.009000000000000001,34.0,27.0,42
6,13.1,no,0.7,84.0,236.0,0.040999999999999995,112.0,66.0,19
8,18.2,no,0.8,63.0,1987.0,0.005,36.0,25.0,215
19,,no,5.2,24.0,2000.0,0.067,36.0,21.0,226
19,18.8,no,4.3,28.0,2000.0,0.051,40.0,19.0,211
10,21.6,no,1.4,40.0,1739.0,0.026000000000000002,45.0,28.0,95
3,,no,3.0,40.0,1436.0,0.066,71.0,44.0,13
6,,no,1.1,48.0,1897.0,0.008,47.0,35.0,23
6,8.5,no,1.5,55.0,2000.0,0.036000000000000004,31.0,18.0,29
7,12.8,no,1.4,84.0,235.0,0.031,114.0,67.0,39
19,22.2,no,4.2,,2000.0,0.046,38.0,12.0,241
17,19.1,no,4.3,31.0,1746.0,0.047,59.0,26.0,129
17,27.4,no,2.8,21.0,2000.0,0.057999999999999996,24.0,12.0,317
20,14.0,no,4.3,44.0,2000.0,0.043,48.0,19.0,150
7,10.1,no,1.1,42.0,1913.0,0.05,59.0,36.0,82
2,12.1,yes,3.3,98.0,328.0,0.034,9.0,8.0,8
10,10.2,no,2.6,84.0,261.0,0.013000000000000001,72.0,62.0,55
3,12.9,no,2.4,66.0,2000.0,0.036000000000000004,39.0,17.0,14
10,16.0,no,2.8,84.0,976.0,0.027999999999999997,46.0,31.0,95
11,,no,4.1,26.0,1923.0,0.034,40.0,16.0,101
11,17.5,no,3.1,56.0,1237.0,0.043,106.0,19.0,91
11,22.7,no,2.9,38.0,1967.0,0.043,26.0,20.0,111
13,,no,1.7,48.0,1813.0,0.035,40.0,18.0,107
23,19.5,no,1.8,61.0,1994.0,0.034,36.0,27.0,145
6,15.4,no,1.7,57.0,1234.0,0.031,119.0,27.0,11
7,11.1,no,1.3,,967.0,0.034,54.0,19.0,21
10,,no,1.9,53.0,632.0,0.017,82.0,42.0,106
6,16.1,no,2.1,73.0,694.0,0.028999999999999998,41.0,28.0,37
15,19.7,no,3.4,,1053.0,0.044000000000000004,48.0,29.0,113
17,,no,3.9,25.0,769.0,0.11199999999999999,69.0,38.0,324
18,19.8,no,5.3,21.0,2000.0,0.07200000000000001,38.0,22.0,266
12,19.7,no,3.5,45.0,1307.0,0.053,124.0,21.0,80
3,,no,2.2,71.0,496.0,0.034,66.0,41.0,23
0,18.4,no,2.3,44.0,2000.0,0.037000000000000005,26.0,21.0,128
0,14.4,no,3.0,75.0,1629.0,0.022000000000000002,32.0,20.0,67
3,,no,2.0,38.0,802.0,0.016,94.0,82.0,15
16,19.4,no,5.9,21.0,2000.0,0.052000000000000005,52.0,14.0,122
23,21.9,no,2.0,49.0,2000.0,0.008,34.0,23.0,150
22,23.4,no,2.6,,2000.0,0.015,26.0,16.0,214
19,,no,4.2,34.0,2000.0,0.051,36.0,16.0,278
0,,no,0.6,45.0,1345.0,0.055,62.0,36.0,121
18,21.7,no,3.4,60.0,1920.0,0.025,37.0,21.0,24
16,24.4,no,3.3,52.0,549.0,0.078,81.0,45.0,127
18,26.7,no,4.2,32.0,913.0,0.095,86.0,47.0,286
4,14.0,no,1.6,43.0,1999.0,0.006999999999999999,55.0,40.0,6
11,17.4,no,2.7,46.0,876.0,0.019,76.0,35.0,111
0,17.7,no,1.1,36.0,1111.0,0.027000000000000003,155.0,35.0,78
11,19.6,no,2.9,50.0,602.0,0.061,193.0,54.0,66
18,23.1,no,2.6,31.0,2000.0,0.039,29.0,15.0,402
4,8.7,no,1.0,,1802.0,0.044000000000000004,46.0,18.0,8
22,13.3,no,3.6,66.0,619.0,0.064,90.0,62.0,114
2,18.3,no,0.9,64.0,1978.0,0.013999999999999999,31.0,22.0,42
3,15.8,no,3.1,60.0,722.0,0.08199999999999999,83.0,52.0,31
18,,no,4.4,29.0,2000.0,0.059000000000000004,29.0,15.0,317
3,18.1,no,0.8,77.0,272.0,0.008,112.0,69.0,26
0,18.8,no,2.9,31.0,2000.0,0.061,53.0,22.0,69
20,23.2,no,4.7,38.0,2000.0,0.043,41.0,29.0,278
15,15.0,no,5.0,29.0,1418.0,0.06,56.0,49.0,284
19,17.8,no,3.2,60.0,2000.0,0.038,26.0,15.0,232
16,,no,3.4,50.0,737.0,0.049,55.0,45.0,250
14,,no,3.4,44.0,819.0,0.08199999999999999,78.0,52.0,97
3,10.6,no,1.5,58.0,1548.0,0.038,62.0,33.0,23
16,,no,2.3,38.0,1992.0,0.05,41.0,21.0,142
14,,no,3.7,53.0,1973.0,0.036000000000000004,61.0,32.0,108
0,15.5,no,0.9,30.0,2000.0,0.004,51.0,32.0,76
13,,no,3.2,35.0,1631.0,0.047,50.0,32.0,91
16,18.2,no,2.7,30.0,1932.0,0.051,56.0,15.0,129
23,,no,1.3,46.0,2000.0,0.044000000000000004,40.0,27.0,153
18,,no,1.3,35.0,1954.0,0.061,52.0,34.0,247
15,,no,3.4,58.0,1818.0,0.036000000000000004,32.0,22.0,110
2,,no,1.4,22.0,1998.0,0.038,64.0,19.0,24
0,12.2,no,1.2,50.0,1707.0,0.033,58.0,29.0,62
21,13.5,no,3.6,71.0,2000.0,0.039,33.0,27.0,141
22,,no,2.1,23.0,2000.0,0.011000000000000001,37.0,24.0,173
6,,no,0.4,83.0,1109.0,0.024,54.0,20.0,22
0,,no,1.2,64.0,2000.0,0.042,28.0,16.0,78
20,,no,4.4,40.0,2000.0,0.048,35.0,19.0,188
10,19.8,no,2.8,71.0,679.0,0.048,60.0,36.0,74
2,17.1,no,0.8,53.0,956.0,0.026000000000000002,108.0,65.0,28
17,28.1,no,2.0,19.0,1665.0,0.08800000000000001,65.0,35.0,248
20,20.7,no,3.1,37.0,2000.0,0.035,31.0,16.0,219
20,18.5,yes,2.6,,296.0,0.019,40.0,29.0,38
6,14.0,no,0.4,,533.0,0.069,82.0,50.0,9
2,19.4,no,1.1,59.0,2000.0,0.018000000000000002,29.0,22.0,45
12,,no,3.9,24.0,1890.0,0.057999999999999996,48.0,22.0,105
8,,no,0.6,35.0,1953.0,0.038,47.0,27.0,155
19,20.7,no,4.3,19.0,2000.0,0.054000000000000006,51.0,13.0,165
6,,no,0.5,49.0,2000.0,0.051,29.0,18.0,37
23,,no,2.2,44.0,2000.0,0.042,27.0,20.0,152
16,11.6,no,3.2,80.0,628.0,0.028999999999999998,36.0,33.0,79
22,14.1,no,3.0,37.0,1722.0,0.057,57.0,31.0,144
13,,no,1.7,30.0,974.0,0.045,95.0,47.0,132
4,12.6,no,1.0,65.0,2000.0,0.040999999999999995,32.0,12.0,7
13,,no,2.7,26.0,836.0,0.055,77.0,40.0,189
7,,no,1.9,,2000.0,0.04,42.0,11.0,73
22,17.7,no,2.4,45.0,2000.0,0.032,39.0,21.0,190
8,,no,0.2,67.0,661.0,0.033,70.0,38.0,43
5,,no,2.5,,1014.0,0.042,205.0,18.0,6
0,17.9,no,0.7,87.0,582.0,0.004,32.0,25.0,30
10,,no,3.5,,1594.0,0.02,131.0,24.0,76
3,,no,3.9,98.0,150.0,0.040999999999999995,20.0,20.0,3
12,21.4,no,3.0,46.0,565.0,0.064,213.0,57.0,104
16,27.5,no,3.4,28.0,1984.0,0.062,22.0,14.0,284
17,25.8,no,3.2,27.0,1997.0,0.054000000000000006,28.0,16.0,316
17,18.2,no,4.6,28.0,925.0,0.07,72.0,59.0,132
17,,no,2.5,40.0,921.0,0.034,43.0,35.0,159
22,14.2,no,3.2,44.0,2000.0,0.043,23.0,18.0,84
10,21.1,no,1.1,,535.0,0.057,64.0,41.0,95
11,20.6,no,3.5,63.0,1420.0,0.05,37.0,24.0,103
23,17.8,no,2.2,52.0,2000.0,0.023,32.0,19.0,183
21,13.1,no,2.7,60.0,1582.0,0.025,76.0,28.0,121
19,21.7,no,3.8,19.0,2000.0,0.064,37.0,20.0,191
23,9.9,no,3.3,69.0,1974.0,0.037000000000000005,45.0,17.0,70
17,20.8,no,5.1,22.0,1996.0,0.077,42.0,22.0,292
11,19.9,no,1.1,51.0,750.0,0.027000000000000003,69.0,43.0,106
12,22.8,no,2.5,37.0,1961.0,0.036000000000000004,32.0,17.0,165
23,22.2,no,2.5,69.0,1629.0,0.013999999999999999,32.0,25.0,138
0,,no,1.4,32.0,2000.0,0.038,27.0,19.0,63
12,12.3,no,2.0,41.0,1332.0,0.025,43.0,39.0,149
18,,no,3.0,,1213.0,0.092,85.0,47.0,253
8,,no,0.9,,697.0,0.03,33.0,24.0,208
0,7.5,no,1.2,56.0,962.0,0.031,75.0,64.0,36
7,,no,0.2,80.0,1355.0,0.026000000000000002,31.0,22.0,23
6,,no,0.4,80.0,661.0,0.059000000000000004,48.0,30.0,46
4,10.1,no,0.0,,2000.0,0.036000000000000004,26.0,20.0,9
19,,no,2.4,65.0,938.0,0.057,57.0,37.0,215
17,22.8,no,3.2,58.0,1940.0,0.031,33.0,22.0,85
16,27.8,no,1.5,22.0,1644.0,0.083,71.0,35.0,219
22,19.4,no,2.4,,1757.0,0.028999999999999998,65.0,29.0,194
14,,no,2.6,51.0,1946.0,0.042,34.0,26.0,92
18,,no,4.7,25.0,1994.0,0.053,43.0,20.0,242
5,15.4,no,0.9,50.0,1979.0,0.027000000000000003,49.0,28.0,17
22,,no,0.3,,507.0,0.02,68.0,30.0,102
17,29.1,no,2.3,,1900.0,0.07,42.0,27.0,213
3,,no,0.7,44.0,2000.0,0.040999999999999995,20.0,17.0,35
16,27.5,no,2.9,38.0,1863.0,0.083,51.0,28.0,263
20,,no,3.3,55.0,1442.0,0.069,62.0,37.0,290
20,,no,2.9,57.0,1232.0,0.045,74.0,29.0,146
17,24.1,no,2.8,53.0,525.0,0.08199999999999999,88.0,51.0,158
17,,yes,1.4,68.0,2000.0,0.052000000000000005,40.0,37.0,134
19,16.9,no,4.4,49.0,1349.0,0.053,75.0,31.0,195
10,15.7,no,2.7,61.0,1203.0,0.035,42.0,26.0,79
20,,no,3.1,,732.0,0.1,102.0,60.0,249
10,16.6,no,0.9,53.0,1145.0,0.011000000000000001,128.0,30.0,63
19,23.7,no,4.1,29.0,2000.0,0.062,28.0,17.0,282
6,13.0,no,1.2,80.0,611.0,0.02,56.0,41.0,15
21,21.2,no,3.3,52.0,2000.0,0.032,30.0,21.0,249
17,19.6,no,4.2,36.0,1231.0,0.059000000000000004,77.0,29.0,205
3,10.8,no,3.8,45.0,2000.0,0.039,34.0,19.0,20
10,,no,2.1,,1086.0,0.026000000000000002,36.0,18.0,99
8,10.1,no,2.0,70.0,788.0,0.016,61.0,29.0,47
21,14.6,no,3.8,29.0,2000.0,0.044000000000000004,43.0,19.0,163
21,21.0,no,3.0,41.0,2000.0,0.046,33.0,22.0,232
3,,no,0.8,59.0,2000.0,0.026000000000000002,40.0,26.0,28
13,26.4,no,4.1,27.0,1943.0,0.061,44.0,23.0,92
9,17.0,no,1.8,60.0,1929.0,0.028999999999999998,28.0,16.0,87
11,15.6,no,2.7,49.0,1345.0,0.016,85.0,38.0,99
9,12.1,no,1.9,58.0,771.0,0.032,65.0,36.0,60
13,27.1,no,2.3,48.0,761.0,0.064,75.0,47.0,86
3,,no,1.3,82.0,602.0,0.049,62.0,33.0,25
0,18.3,no,2.6,,2000.0,0.033,49.0,32.0,107
12,,no,2.7,31.0,2000.0,0.05,26.0,17.0,142
11,,no,0.2,52.0,1114.0,0.01,124.0,31.0,65
19,16.7,yes,0.7,,577.0,0.037000000000000005,82.0,37.0,39
5,15.7,no,1.0,62.0,1704.0,0.019,42.0,28.0,22
6,11.1,no,2.0,92.0,202.0,0.011000000000000001,76.0,63.0,14
17,22.2,no,5.7,18.0,1948.0,0.06,88.0,21.0,158
21,13.6,no,2.9,,540.0,0.061,87.0,59.0,136
19,11.4,no,2.2,87.0,800.0,0.04,39.0,27.0,150
20,23.2,no,2.3,,1952.0,0.07,53.0,31.0,213
22,20.8,no,1.8,48.0,1781.0,0.027999999999999997,55.0,31.0,221
3,17.2,no,1.6,59.0,1277.0,0.052000000000000005,49.0,32.0,30
2,8.9,no,0.9,52.0,839.0,0.011000000000000001,80.0,71.0,10
9,21.3,no,1.2,45.0,1993.0,0.008,31.0,19.0,129
18,14.2,no,3.6,,1082.0,0.066,64.0,51.0,113
2,19.4,no,1.8,78.0,634.0,0.051,59.0,34.0,33
10,,no,2.8,35.0,2000.0,0.024,30.0,20.0,92
8,11.9,no,2.4,71.0,1339.0,0.038,86.0,20.0,34
19,12.7,no,3.5,34.0,1250.0,0.065,75.0,62.0,87
16,26.6,no,4.8,38.0,2000.0,0.063,30.0,23.0,300
17,27.2,no,4.4,45.0,1621.0,0.08199999999999999,55.0,32.0,304
19,18.9,no,5.0,40.0,2000.0,0.053,49.0,12.0,214
14,21.9,no,2.3,45.0,925.0,0.049,72.0,36.0,181
8,8.1,no,0.4,70.0,1378.0,0.006999999999999999,52.0,25.0,194
3,10.6,no,1.9,82.0,1638.0,0.024,33.0,27.0,18
18,22.9,no,5.5,29.0,2000.0,0.049,36.0,9.0,375
15,25.8,no,3.2,26.0,1986.0,0.059000000000000004,29.0,19.0,256
4,8.0,no,1.5,53.0,861.0,0.005,82.0,77.0,8
8,14.8,no,1.1,52.0,2000.0,0.015,37.0,22.0,224
6,16.1,no,0.2,75.0,1351.0,0.037000000000000005,27.0,23.0,34
17,26.6,no,4.0,39.0,1081.0,0.091,84.0,48.0,287
19,26.5,no,4.4,,1973.0,0.071,45.0,28.0,324
18,24.8,no,2.5,48.0,671.0,0.077,75.0,48.0,316
3,,no,2.1,58.0,1716.0,0.038,75.0,19.0,22
2,17.1,no,1.7,57.0,2000.0,0.02,46.0,29.0,70
12,,no,2.1,42.0,1909.0,0.013000000000000001,87.0,29.0,82
11,15.1,no,1.6,27.0,989.0,0.018000000000000002,73.0,62.0,56
5,18.6,no,2.3,61.0,1527.0,0.025,56.0,30.0,28
13,24.7,no,3.4,35.0,1492.0,0.063,54.0,32.0,104
20,19.2,no,2.6,48.0,1999.0,0.055999999999999994,54.0,31.0,162
20,21.6,no,3.7,36.0,1729.0,0.055,84.0,33.0,165
21,,no,3.7,37.0,1395.0,0.08199999999999999,71.0,36.0,216
19,,no,3.7,,892.0,0.051,46.0,30.0,136
2,18.0,no,2.1,,1659.0,0.023,40.0,29.0,20
23,20.7,no,1.7,66.0,464.0,0.028999999999999998,88.0,54.0,126
17,20.6,no,3.2,56.0,1539.0,0.049,52.0,26.0,183
7,15.1,no,0.5,67.0,1008.0,0.027000000000000003,48.0,30.0,76
15,26.8,no,3.4,30.0,1980.0,0.065,27.0,18.0,246
21,17.3,no,3.2,63.0,2000.0,0.027000000000000003,36.0,17.0,230
12,17.4,no,2.8,74.0,1167.0,0.035,36.0,25.0,61
13,25.6,no,3.8,32.0,1965.0,0.06,32.0,19.0,167
19,25.1,no,4.7,55.0,1222.0,0.083,60.0,38.0,293
19,17.3,no,2.6,40.0,2000.0,0.049,19.0,15.0,137
3,,no,2.2,,1636.0,0.032,30.0,24.0,27
10,20.9,no,2.1,,1944.0,0.031,28.0,19.0,84
16,24.2,no,3.4,33.0,1633.0,0.075,77.0,42.0,296
4,10.2,no,1.3,63.0,1378.0,0.033,58.0,29.0,11
9,18.8,no,0.5,49.0,1132.0,0.027000000000000003,39.0,23.0,75
20,,no,4.1,31.0,2000.0,0.043,40.0,13.0,191
20,25.0,no,3.2,50.0,2000.0,0.040999999999999995,35.0,25.0,239
12,,no,2.0,,1788.0,0.027000000000000003,26.0,18.0,138
5,11.9,no,2.1,90.0,228.0,0.005,72.0,60.0,10
23,14.3,no,2.6,,2000.0,0.044000000000000004,44.0,15.0,102
22,19.6,no,2.8,42.0,2000.0,0.055999999999999994,41.0,26.0,245
8,,no,2.1,58.0,801.0,0.004,81.0,67.0,181
11,14.9,no,2.5,33.0,1928.0,0.023,38.0,20.0,85
20,22.4,no,3.5,32.0,2000.0,0.051,33.0,18.0,274
13,,no,2.2,48.0,1926.0,0.036000000000000004,26.0,18.0,121
8,,no,3.1,46.0,1341.0,0.005,64.0,44.0,169
2,14.1,no,0.3,75.0,990.0,0.032,47.0,24.0,31
21,22.2,no,1.8,63.0,649.0,0.057999999999999996,86.0,49.0,233
15,,no,4.6,34.0,1954.0,0.051,22.0,21.0,104
2,11.4,yes,0.9,89.0,289.0,0.017,67.0,57.0,5
4,16.4,no,2.8,,1388.0,0.004,81.0,52.0,9
8,,no,0.5,52.0,2000.0,0.023,35.0,16.0,189
5,5.0,no,0.3,59.0,1022.0,0.04,70.0,64.0,12
19,25.9,no,3.1,41.0,2000.0,0.053,29.0,21.0,310
8,,no,2.0,45.0,1881.0,0.024,45.0,24.0,212
21,14.7,no,1.6,31.0,1175.0,0.052000000000000005,77.0,68.0,138
5,9.5,no,0.7,76.0,840.0,0.034,49.0,25.0,6
0,11.7,no,1.3,,733.0,0.031,68.0,29.0,79
3,18.6,no,1.3,79.0,748.0,0.062,47.0,30.0,30
19,24.6,no,1.6,49.0,740.0,0.07,80.0,46.0,193
19,24.3,no,3.9,30.0,2000.0,0.057999999999999996,28.0,17.0,226
14,13.2,yes,4.7,81.0,604.0,0.053,52.0,19.0,27
18,18.8,no,2.5,52.0,773.0,0.054000000000000006,75.0,45.0,279
23,11.2,no,1.6,,1908.0,0.028999999999999998,97.0,22.0,73
12,18.0,no,5.0,18.0,1268.0,0.037000000000000005,163.0,16.0,77
4,,no,0.0,,746.0,0.025,64.0,43.0,13
7,18.5,no,1.2,77.0,629.0,0.055,48.0,32.0,117
9,12.4,no,2.0,35.0,1927.0,0.024,43.0,20.0,125
12,16.9,no,1.2,29.0,826.0,0.019,83.0,69.0,96
13,23.6,no,3.4,36.0,1970.0,0.042,33.0,21.0,221
15,,no,3.2,33.0,1890.0,0.05,69.0,23.0,125
16,20.5,no,4.6,34.0,1962.0,0.053,61.0,14.0,337
6,9.8,no,0.1,84.0,874.0,0.009000000000000001,35.0,27.0,32
12,15.3,no,3.5,27.0,1900.0,0.040999999999999995,67.0,21.0,129
7,,no,1.1,54.0,1326.0,0.025,117.0,30.0,24
13,23.2,no,3.7,45.0,527.0,0.069,225.0,61.0,91
0,15.8,no,3.0,76.0,389.0,0.065,93.0,55.0,90
18,17.9,no,4.5,,2000.0,0.054000000000000006,55.0,17.0,272
9,6.6,no,1.7,71.0,1871.0,0.015,16.0,16.0,52
4,16.9,no,2.0,71.0,1636.0,0.037000000000000005,29.0,22.0,8
2,,no,1.1,82.0,293.0,0.061,100.0,57.0,16
16,26.3,no,3.9,31.0,1821.0,0.069,55.0,31.0,188
23,9.5,no,2.9,37.0,2000.0,0.036000000000000004,56.0,15.0,58
11,16.7,no,3.9,39.0,1563.0,0.031,45.0,25.0,95
5,11.8,no,0.8,51.0,1694.0,0.055,102.0,30.0,26
7,14.8,no,1.3,55.0,1305.0,0.017,65.0,42.0,65
10,,no,2.5,50.0,2000.0,0.018000000000000002,42.0,25.0,76
5,11.7,no,2.5,85.0,776.0,0.044000000000000004,58.0,19.0,11
2,11.0,no,2.8,42.0,2000.0,0.037000000000000005,32.0,18.0,33
18,26.4,no,4.4,50.0,1381.0,0.083,54.0,33.0,305
23,14.1,no,3.1,68.0,475.0,0.032,86.0,52.0,88
4,9.4,no,1.4,82.0,528.0,0.013000000000000001,80.0,39.0,9
0,11.7,no,3.5,80.0,895.0,0.044000000000000004,58.0,31.0,34
14,21.1,no,3.5,22.0,1855.0,0.068,46.0,22.0,127
14,17.2,no,3.5,28.0,1970.0,0.048,64.0,18.0,131
22,,no,3.5,,2000.0,0.03,47.0,36.0,58
13,20.1,no,1.4,48.0,916.0,0.042,73.0,40.0,159
3,16.5,no,1.1,43.0,1068.0,0.01,162.0,39.0,32
13,20.5,no,2.8,22.0,1959.0,0.064,51.0,26.0,214
22,,no,2.7,58.0,2000.0,0.038,35.0,28.0,214
11,,no,3.5,20.0,2000.0,0.036000000000000004,31.0,21.0,76
14,14.4,yes,3.5,79.0,1395.0,0.039,41.0,28.0,1
18,18.3,no,4.3,43.0,1304.0,0.055999999999999994,76.0,30.0,299
22,14.7,no,2.3,68.0,452.0,0.047,78.0,50.0,118
10,,no,1.9,37.0,1688.0,0.018000000000000002,48.0,25.0,72
7,,yes,0.9,94.0,108.0,0.019,58.0,29.0,37
23,,no,2.9,55.0,2000.0,0.033,47.0,21.0,85
2,11.4,no,2.1,40.0,1766.0,0.033,103.0,24.0,23
13,23.0,no,3.4,36.0,2000.0,0.044000000000000004,49.0,26.0,97
14,19.2,no,5.6,16.0,1424.0,0.045,153.0,17.0,106
0,,no,1.8,45.0,2000.0,0.016,33.0,22.0,95
6,,no,0.9,51.0,1308.0,0.032,62.0,37.0,34
20,,no,2.4,55.0,848.0,0.049,81.0,50.0,142
23,,no,3.1,78.0,1323.0,0.043,26.0,22.0,102
0,12.4,no,2.6,55.0,965.0,0.059000000000000004,81.0,54.0,51
0,18.6,no,0.3,58.0,554.0,0.053,110.0,63.0,104
21,15.8,no,1.1,87.0,620.0,0.026000000000000002,54.0,27.0,75
9,,no,2.2,,2000.0,0.019,43.0,10.0,105
8,15.8,no,1.4,57.0,1077.0,0.031,47.0,29.0,202
18,,no,3.3,83.0,1108.0,0.027000000000000003,31.0,29.0,177
6,18.3,no,2.3,64.0,1403.0,0.026000000000000002,55.0,32.0,18
16,19.7,no,5.4,38.0,1589.0,0.063,58.0,35.0,140
23,,no,2.3,72.0,869.0,0.034,72.0,34.0,80
18,11.2,no,3.3,90.0,404.0,0.033,33.0,28.0,206
6,,no,1.1,42.0,1825.0,0.059000000000000004,60.0,38.0,20
16,23.5,no,4.1,20.0,1947.0,0.067,48.0,25.0,332
22,15.7,no,3.3,58.0,2000.0,0.024,37.0,18.0,172
12,17.6,no,1.7,,1712.0,0.034,72.0,28.0,140
20,23.1,no,3.0,50.0,2000.0,0.04,36.0,26.0,244
23,14.0,no,1.6,33.0,881.0,0.059000000000000004,86.0,77.0,91
21,12.7,no,3.5,37.0,2000.0,0.033,62.0,19.0,152
23,13.1,no,2.1,31.0,2000.0,0.036000000000000004,31.0,13.0,98
3,,no,0.2,72.0,839.0,0.036000000000000004,60.0,40.0,27
15,15.9,no,4.3,15.0,2000.0,0.048,55.0,11.0,105
9,10.9,no,1.9,50.0,1844.0,0.012,84.0,24.0,98
22,11.7,no,1.6,41.0,910.0,0.037000000000000005,79.0,68.0,114
9,15.3,no,1.5,43.0,1084.0,0.032,110.0,29.0,95
2,13.6,no,2.2,70.0,491.0,0.039,69.0,39.0,21
21,13.3,no,3.1,48.0,1880.0,0.052000000000000005,54.0,26.0,162
19,28.7,no,3.3,8.0,2000.0,0.052000000000000005,22.0,10.0,317
2,,no,1.8,78.0,574.0,0.004,61.0,50.0,29
21,13.0,no,2.7,76.0,528.0,0.015,60.0,50.0,135
10,,no,2.1,47.0,764.0,0.054000000000000006,166.0,41.0,71
16,23.9,no,6.0,22.0,2000.0,0.057999999999999996,40.0,14.0,137
16,19.3,no,2.7,76.0,538.0,0.045,62.0,41.0,109
20,15.4,no,5.3,46.0,1536.0,0.057999999999999996,99.0,23.0,81
2,12.3,no,1.2,54.0,1814.0,0.036000000000000004,78.0,20.0,24
13,19.3,no,3.2,52.0,929.0,0.011000000000000001,126.0,37.0,148
7,13.4,no,1.3,80.0,912.0,0.027999999999999997,36.0,15.0,98
4,9.9,no,2.6,49.0,2000.0,0.04,32.0,16.0,14
15,18.6,no,2.8,54.0,619.0,0.038,54.0,43.0,238
23,20.5,no,1.6,54.0,1808.0,0.027999999999999997,56.0,31.0,137
20,20.1,no,2.5,52.0,2000.0,0.038,37.0,22.0,215
23,16.6,no,2.1,71.0,465.0,0.066,92.0,53.0,112
11,13.7,no,3.8,36.0,1789.0,0.034,100.0,24.0,73
21,14.7,no,3.1,37.0,1984.0,0.054000000000000006,53.0,25.0,161
23,,no,2.7,73.0,868.0,0.069,55.0,37.0,124
6,10.9,no,3.6,39.0,2000.0,0.045,31.0,25.0,25
4,18.5,no,0.2,55.0,2000.0,0.013999999999999999,30.0,21.0,17
18,27.5,no,3.8,47.0,1507.0,0.083,64.0,40.0,398
15,,no,4.0,39.0,2000.0,0.055,22.0,17.0,281
13,16.3,no,1.8,,1975.0,0.034,56.0,25.0,71
3,12.1,no,3.2,85.0,679.0,0.043,54.0,21.0,17
15,,no,5.2,34.0,1968.0,0.079,48.0,23.0,275
0,,no,3.4,76.0,749.0,0.065,48.0,31.0,100
9,15.0,no,2.9,59.0,1921.0,0.018000000000000002,58.0,17.0,113
6,14.7,yes,0.1,93.0,153.0,0.02,59.0,31.0,3
4,16.1,no,0.6,60.0,2000.0,0.027999999999999997,39.0,28.0,27
10,21.0,no,0.3,57.0,1463.0,0.01,41.0,27.0,99
22,15.0,no,2.5,56.0,2000.0,0.048,44.0,16.0,121
14,27.1,no,2.2,29.0,856.0,0.055,88.0,42.0,113
5,9.1,no,1.2,83.0,495.0,0.013999999999999999,81.0,39.0,8
11,18.3,no,2.7,33.0,2000.0,0.028999999999999998,25.0,13.0,133
13,,no,7.5,43.0,2000.0,0.053,55.0,17.0,3
23,13.1,no,3.0,84.0,990.0,0.036000000000000004,39.0,19.0,87
0,12.8,no,1.8,79.0,733.0,0.008,46.0,38.0,75
13,,no,3.7,60.0,1328.0,0.043,36.0,25.0,12
22,12.5,no,4.0,76.0,525.0,0.013000000000000001,67.0,54.0,60
9,18.3,no,0.7,49.0,1926.0,0.022000000000000002,44.0,24.0,64
12,,yes,2.0,51.0,1997.0,0.006999999999999999,73.0,40.0,2
0,19.5,no,2.4,,2000.0,0.003,34.0,22.0,98
10,19.8,no,2.1,48.0,488.0,0.032,130.0,73.0,106
20,12.9,no,4.0,70.0,1355.0,0.053,54.0,27.0,85
20,22.7,no,4.7,,1444.0,0.086,74.0,37.0,226
20,16.9,no,3.5,,754.0,0.03,68.0,53.0,124
19,,no,6.2,41.0,1467.0,0.055999999999999994,108.0,20.0,111
13,19.4,no,2.5,16.0,2000.0,0.045,27.0,14.0,122
6,11.1,no,1.5,83.0,430.0,0.047,70.0,41.0,15
20,15.0,no,4.4,35.0,2000.0,0.052000000000000005,49.0,18.0,170
15,21.3,no,3.8,,875.0,0.077,92.0,83.0,111
14,11.2,no,2.7,80.0,1013.0,0.03,25.0,25.0,75
5,8.2,no,0.4,,1758.0,0.034,46.0,19.0,10
7,15.3,no,2.6,69.0,291.0,0.013999999999999999,124.0,79.0,82
7,12.9,no,2.7,42.0,2000.0,0.035,19.0,10.0,103
2,9.2,no,0.4,62.0,1882.0,0.04,49.0,18.0,24
7,5.6,no,0.4,79.0,1992.0,0.006999999999999999,19.0,18.0,20
10,12.8,no,1.8,81.0,325.0,0.015,74.0,67.0,55
20,,no,3.8,,1246.0,0.064,72.0,60.0,87
10,20.8,no,1.8,45.0,1988.0,0.03,53.0,21.0,94
15,,no,3.4,30.0,1682.0,0.057,64.0,32.0,205
6,9.4,no,2.5,85.0,370.0,0.022000000000000002,56.0,49.0,11
21,15.2,no,1.3,68.0,747.0,0.017,60.0,50.0,144
23,,no,3.7,52.0,812.0,0.057999999999999996,108.0,64.0,143
15,23.3,no,2.7,37.0,963.0,0.069,79.0,47.0,269
9,19.6,no,1.4,54.0,1343.0,0.017,49.0,29.0,79
2,9.7,no,2.6,86.0,448.0,0.005,51.0,51.0,20
17,11.5,yes,3.0,91.0,555.0,0.036000000000000004,29.0,21.0,64
5,15.7,no,1.2,63.0,688.0,0.026000000000000002,118.0,74.0,7
23,12.1,no,3.5,76.0,450.0,0.006999999999999999,74.0,57.0,11
8,8.7,no,1.7,50.0,2000.0,0.006,36.0,19.0,201
5,12.2,no,3.0,76.0,407.0,0.033,67.0,40.0,11
7,16.1,no,1.3,64.0,1522.0,0.025,38.0,26.0,26
7,9.1,no,1.8,87.0,266.0,0.011000000000000001,61.0,51.0,21
20,,no,2.7,81.0,979.0,0.04,37.0,21.0,109
17,20.8,no,3.2,22.0,1135.0,0.068,74.0,57.0,118
14,,no,1.2,37.0,1397.0,0.038,45.0,29.0,132
14,18.5,no,3.5,,1636.0,0.040999999999999995,68.0,25.0,121
20,13.5,no,3.3,,538.0,0.021,64.0,53.0,106
4,,no,1.2,80.0,724.0,0.061,43.0,27.0,13
11,12.0,no,2.1,76.0,342.0,0.017,66.0,60.0,87
5,17.4,no,0.9,91.0,390.0,0.02,30.0,24.0,17
20,14.2,no,3.6,33.0,2000.0,0.035,42.0,20.0,138
8,10.7,no,1.3,,731.0,0.012,46.0,36.0,180
9,13.8,no,1.9,64.0,1344.0,0.039,93.0,19.0,39
23,15.4,no,2.8,71.0,1926.0,0.024,33.0,16.0,124
13,13.5,no,3.2,32.0,1758.0,0.042,41.0,37.0,172
14,25.6,no,3.9,41.0,1598.0,0.061,40.0,27.0,226
18,16.9,no,2.4,64.0,570.0,0.05,73.0,57.0,171
9,18.0,no,1.8,,1961.0,0.03,31.0,20.0,79
17,20.3,no,5.5,35.0,2000.0,0.053,60.0,16.0,276
5,16.6,no,1.6,73.0,1228.0,0.017,39.0,27.0,20
7,12.4,no,2.3,67.0,2000.0,0.023,43.0,15.0,104
4,,no,1.7,80.0,459.0,0.04,70.0,41.0,13
22,19.9,no,2.8,,2000.0,0.039,29.0,22.0,196
22,,no,2.1,57.0,2000.0,0.013000000000000001,32.0,19.0,219
0,,no,2.5,,2000.0,0.036000000000000004,66.0,19.0,46
15,13.4,yes,3.7,62.0,969.0,0.043,43.0,35.0,2
11,14.5,no,2.2,61.0,772.0,0.016,43.0,41.0,71
0,10.0,no,0.5,50.0,830.0,0.026000000000000002,82.0,70.0,46
2,18.6,no,1.0,75.0,274.0,0.018000000000000002,115.0,73.0,36
23,16.3,no,1.8,60.0,1703.0,0.042,54.0,31.0,119
3,10.9,no,1.4,74.0,730.0,0.028999999999999998,71.0,33.0,29
13,25.5,no,3.7,32.0,1841.0,0.057,37.0,22.0,143
22,20.9,no,4.3,70.0,839.0,0.073,61.0,38.0,139
17,,no,2.9,40.0,1354.0,0.09300000000000001,66.0,43.0,176
16,19.8,no,4.2,48.0,892.0,0.071,63.0,37.0,140
2,14.1,no,4.5,,2000.0,0.037000000000000005,21.0,12.0,40
15,20.9,no,4.2,,1598.0,0.055999999999999994,65.0,29.0,143
16,22.8,no,1.1,37.0,1296.0,0.039,36.0,30.0,150
2,,no,2.0,68.0,1923.0,0.033,55.0,18.0,21
21,18.8,no,2.2,34.0,2000.0,0.04,32.0,14.0,217
14,21.0,no,2.1,71.0,575.0,0.039,74.0,43.0,88
3,,no,1.4,38.0,2000.0,0.004,50.0,35.0,19
5,13.2,no,1.0,81.0,722.0,0.019,51.0,24.0,13
2,,no,2.1,,1609.0,0.055,48.0,31.0,53
4,,no,1.9,76.0,407.0,0.036000000000000004,68.0,42.0,15
7,,no,0.2,76.0,1677.0,0.01,49.0,22.0,77
8,,yes,3.5,99.0,106.0,0.028999999999999998,26.0,24.0,41
8,14.3,no,0.6,69.0,493.0,0.061,87.0,52.0,33
5,9.9,no,1.1,82.0,412.0,0.023,55.0,49.0,11
11,,no,2.1,31.0,1947.0,0.04,25.0,18.0,127
5,12.8,no,0.3,74.0,1333.0,0.006,36.0,20.0,14
4,8.0,no,0.5,66.0,1993.0,0.031,84.0,22.0,11
2,15.6,no,0.8,71.0,1908.0,0.03,33.0,19.0,44
9,11.2,no,1.8,44.0,1901.0,0.022000000000000002,30.0,18.0,121
11,22.7,no,4.7,41.0,1781.0,0.048,38.0,21.0,85
18,23.7,no,6.4,49.0,1967.0,0.048,38.0,20.0,304
23,8.1,no,2.7,54.0,946.0,0.04,75.0,64.0,57
0,13.8,no,3.2,,518.0,0.042,79.0,46.0,46
5,16.5,no,1.1,56.0,2000.0,0.033,36.0,24.0,16
15,22.2,no,4.9,56.0,1501.0,0.057999999999999996,46.0,24.0,11
14,20.4,no,3.6,12.0,2000.0,0.047,23.0,13.0,108
12,,no,2.4,36.0,1562.0,0.043,52.0,31.0,141
12,,no,3.6,47.0,1903.0,0.055999999999999994,34.0,21.0,147
3,12.2,no,2.9,41.0,2000.0,0.042,34.0,27.0,17
16,21.4,no,3.8,21.0,1022.0,0.076,74.0,67.0,110
16,14.8,no,3.8,29.0,2000.0,0.054000000000000006,31.0,27.0,172
10,16.6,no,3.1,53.0,1945.0,0.027000000000000003,76.0,14.0,89
7,14.7,no,2.1,54.0,2000.0,0.024,31.0,23.0,18
15,24.2,no,5.0,30.0,1937.0,0.067,48.0,25.0,140
4,13.5,no,1.3,,896.0,0.032,34.0,21.0,16
3,,no,0.5,,2000.0,0.019,29.0,22.0,34
17,,no,4.1,,2000.0,0.066,39.0,21.0,300
22,12.3,no,2.3,63.0,1249.0,0.033,69.0,26.0,122
19,22.3,no,1.1,36.0,2000.0,0.055999999999999994,54.0,28.0,213
18,16.8,no,3.6,,1730.0,0.05,71.0,25.0,273
20,,no,3.5,30.0,1815.0,0.055999999999999994,72.0,41.0,135
10,14.2,no,1.8,51.0,990.0,0.042,58.0,30.0,101
6,17.3,no,1.2,90.0,533.0,0.021,26.0,20.0,37
16,19.0,no,3.2,22.0,1285.0,0.067,71.0,59.0,125
5,9.2,no,1.8,53.0,2000.0,0.036000000000000004,31.0,18.0,8
13,18.6,no,6.0,,1980.0,0.046,58.0,16.0,188
23,,no,2.9,37.0,1325.0,0.063,63.0,35.0,102
17,,no,3.1,47.0,1973.0,0.046,38.0,17.0,170
20,,no,1.7,66.0,1142.0,0.053,54.0,33.0,171
15,18.8,no,3.8,41.0,1632.0,0.043,78.0,26.0,119
12,18.7,no,4.6,,1812.0,0.045,51.0,22.0,125
2,,no,2.3,68.0,1910.0,0.031,84.0,14.0,23
11,24.0,no,1.5,48.0,1303.0,0.017,45.0,28.0,92
9,17.6,no,0.9,47.0,1892.0,0.013000000000000001,36.0,22.0,121
20,14.5,no,2.9,54.0,1707.0,0.028999999999999998,79.0,25.0,150
14,,no,2.1,28.0,1731.0,0.045,59.0,34.0,149
13,19.1,no,5.2,18.0,1450.0,0.044000000000000004,165.0,17.0,87
18,24.8,no,3.6,33.0,1262.0,0.084,113.0,49.0,303
20,22.6,no,2.3,43.0,1963.0,0.034,54.0,29.0,218
9,15.1,no,4.2,63.0,1849.0,0.027999999999999997,39.0,21.0,118
0,19.1,no,1.4,61.0,2000.0,0.016,28.0,17.0,94
16,27.5,no,5.0,24.0,1916.0,0.067,45.0,27.0,148
15,,no,4.1,53.0,1995.0,0.040999999999999995,39.0,13.0,125
7,10.1,no,0.8,84.0,757.0,0.019,40.0,33.0,100
16,18.4,yes,8.0,77.0,1006.0,0.06,61.0,27.0,46
12,,no,1.4,57.0,788.0,0.042,74.0,43.0,116
6,4.9,no,1.5,67.0,746.0,0.04,67.0,63.0,24
12,,no,3.5,17.0,1996.0,0.046,34.0,17.0,137
8,,no,1.5,66.0,1695.0,0.01,76.0,19.0,184
3,,no,2.7,59.0,1529.0,0.025,65.0,31.0,32
5,18.3,no,1.9,,2000.0,0.009000000000000001,30.0,21.0,22
5,15.3,no,1.8,52.0,1363.0,0.04,65.0,39.0,16
10,21.5,no,1.1,65.0,1302.0,0.02,27.0,18.0,87
6,13.9,no,0.7,79.0,1382.0,0.033,32.0,19.0,26
15,18.5,no,4.1,24.0,849.0,0.064,92.0,83.0,78
9,8.7,no,1.7,63.0,1483.0,0.012,67.0,34.0,92
9,11.3,no,1.4,90.0,230.0,0.018000000000000002,67.0,59.0,43
16,20.5,no,4.2,,2000.0,0.055,20.0,14.0,302
10,14.7,no,1.8,66.0,668.0,0.046,69.0,38.0,66
6,11.6,no,2.0,73.0,636.0,0.03,67.0,40.0,36
17,19.9,no,4.5,34.0,1822.0,0.059000000000000004,53.0,33.0,154
5,19.0,no,1.7,65.0,517.0,0.035,94.0,55.0,14
10,11.7,no,1.0,34.0,914.0,0.009000000000000001,90.0,70.0,65
10,14.4,no,3.1,32.0,1767.0,0.028999999999999998,42.0,22.0,79
4,13.8,no,0.2,86.0,230.0,0.057,103.0,58.0,11
10,20.4,no,1.7,39.0,1631.0,0.023,39.0,22.0,101
14,,no,5.7,40.0,1971.0,0.05,61.0,16.0,268
6,16.2,no,2.0,61.0,1721.0,0.028999999999999998,35.0,26.0,19
12,18.3,no,5.3,37.0,1992.0,0.045,48.0,11.0,125
22,14.3,no,1.7,72.0,820.0,0.006,60.0,45.0,108
4,,no,2.4,40.0,2000.0,0.042,33.0,25.0,5
22,21.9,no,3.1,65.0,1070.0,0.059000000000000004,64.0,37.0,216
3,,no,1.1,54.0,848.0,0.006999999999999999,81.0,73.0,8
13,21.2,no,4.2,26.0,1542.0,0.055999999999999994,129.0,27.0,108
2,11.3,no,1.6,71.0,791.0,0.027000000000000003,74.0,34.0,66
17,25.7,no,3.5,35.0,1951.0,0.069,51.0,27.0,200
12,,no,1.8,29.0,869.0,0.032,73.0,33.0,129
0,20.6,no,2.0,71.0,827.0,0.047,60.0,35.0,80
